{
  "config": {
    "model_name": "base",
    "codebook_size": 2048,
    "lr": 0.0001,
    "epochs": 100
  },
  "stats": {
    "epoch_loss": [
      0.986592273269799,
      0.7917057461497891,
      0.7282178456103493,
      0.669122345450793,
      0.6352217208395876,
      0.6008800783025616,
      0.5820961458377266,
      0.5670789497123083,
      0.562704561486088,
      0.5553553707277629,
      0.5546102678873367,
      0.5518501127888366,
      0.5499172577835203,
      0.5479128972122809,
      0.5456004293439821,
      0.54397857922649,
      0.5432623502786943,
      0.5420721861219991,
      0.5407703220640979,
      0.5398934131958312,
      0.538905235356556,
      0.5385651481997268
    ],
    "recon_loss": [
      0.4981692771022024,
      0.3603074959322993,
      0.33163772677903613,
      0.3067645550363711,
      0.2926414276921733,
      0.2787132349520881,
      0.27064493395296646,
      0.2638452384595494,
      0.26177429660727836,
      0.25814018159250934,
      0.2573204745740552,
      0.2560645835563073,
      0.2553502181867623,
      0.2544126268298369,
      0.25350136228749404,
      0.25254256599068153,
      0.2519740906491937,
      0.2512711863827575,
      0.2507071293798996,
      0.2503503278832969,
      0.2500345819887653,
      0.24990859529941176
    ],
    "vq_loss": [
      0.48842299580167453,
      0.43139825019716077,
      0.3965801189410898,
      0.3623577906482054,
      0.3425802928506108,
      0.322166843504974,
      0.3114512118705298,
      0.3032337112669893,
      0.3009302651735803,
      0.29721518888927256,
      0.29728979306526754,
      0.2957855292264306,
      0.2945670392999545,
      0.2935002708154518,
      0.2920990668572638,
      0.2914360132602032,
      0.29128825961730326,
      0.2908009997819325,
      0.29006319323714724,
      0.289543085115343,
      0.2888706535812452,
      0.2886565526197747
    ],
    "usage_rate": [
      4.8828125,
      3.515625,
      4.4921875,
      5.2734375,
      5.95703125,
      6.54296875,
      7.12890625,
      7.51953125,
      8.0078125,
      8.203125,
      8.49609375,
      8.642578125,
      9.08203125,
      9.47265625,
      9.5703125,
      9.912109375,
      10.25390625,
      10.44921875,
      10.546875,
      10.693359375,
      10.83984375,
      10.9375
    ],
    "perplexity": [
      21.441301345825195,
      34.637855529785156,
      42.95041275024414,
      52.70979309082031,
      61.38608932495117,
      69.4176025390625,
      74.83025360107422,
      79.73003387451172,
      82.02474975585938,
      84.3116683959961,
      84.8453140258789,
      86.10408782958984,
      87.21141052246094,
      88.18466186523438,
      89.20279693603516,
      90.15476989746094,
      90.9181900024414,
      91.5404281616211,
      92.1975326538086,
      92.51258087158203,
      92.99949645996094,
      93.20695495605469
    ]
  }
}