{
  "config": {
    "model_name": "base",
    "lr": 0.01,
    "epochs": 20
  },
  "stats": {
    "epoch_loss": [
      1.1882351978820473,
      1.1866535295487102,
      1.1866345718563986,
      1.1866671281329282,
      1.1866710796118758,
      1.1866368393780915,
      1.1866307054340108,
      1.186664802380831,
      1.186649007450835,
      1.1866427028406854,
      1.1866497807499494,
      1.186645849770771,
      1.186635749556358,
      1.1866471900702498,
      1.1866558333698756,
      1.186661935877182,
      1.1866032838902727,
      1.1866359465037655,
      1.1866621149594592,
      1.1866341886871672
    ],
    "recon_loss": [
      0.5281045322691434,
      0.5274015684610824,
      0.5273931429786214,
      0.5274076123923918,
      0.527409368757499,
      0.5273941506752375,
      0.5273914243604119,
      0.5274065784510291,
      0.5273995589510643,
      0.5273967566301521,
      0.5273999026007087,
      0.5273981554324435,
      0.527393666649743,
      0.5273987509381397,
      0.5274025925957327,
      0.5274053049160708,
      0.5273792373288377,
      0.5273937540238095,
      0.527405384162601,
      0.5273929726540798
    ],
    "vq_loss": [
      0.6601306654014821,
      0.6592519608965349,
      0.6592414286582239,
      0.6592595159519581,
      0.6592617110861275,
      0.6592426886337354,
      0.6592392802238465,
      0.6592582233849846,
      0.6592494486624026,
      0.6592459456494528,
      0.6592498784582417,
      0.659247694163498,
      0.6592420834148401,
      0.6592484386604772,
      0.6592532405017343,
      0.6592566309163873,
      0.6592240466915407,
      0.6592421923701792,
      0.6592567304797257,
      0.6592412160005608
    ],
    "usage_rate": [
      100.0,
      100.0,
      100.0,
      100.0,
      100.0,
      100.0,
      100.0,
      100.0,
      100.0,
      100.0,
      100.0,
      100.0,
      100.0,
      100.0,
      100.0,
      100.0,
      100.0,
      100.0,
      100.0,
      100.0
    ],
    "perplexity": [
      3.3874793350696564,
      3.381652534008026,
      3.381662905216217,
      3.3815738260746,
      3.381680816411972,
      3.381596118211746,
      3.38181608915329,
      3.3816548585891724,
      3.3816141188144684,
      3.381648540496826,
      3.3818590342998505,
      3.381611466407776,
      3.3817678093910217,
      3.381376475095749,
      3.38175892829895,
      3.3816474974155426,
      3.3817118108272552,
      3.381705403327942,
      3.381751835346222,
      3.3816431164741516
    ]
  }
}