{
  "config": {
    "model_name": "base",
    "codebook_size": 1024,
    "lr": 0.0001,
    "epochs": 100
  },
  "stats": {
    "epoch_loss": [
      0.9681216630734005,
      0.778803062251938,
      0.7179116206962772,
      0.6675821462928192,
      0.6297127224820047,
      0.6032789970525778,
      0.5954057778538006,
      0.590588329100186,
      0.5885310775871003,
      0.5875620235565739,
      0.5872501223506902,
      0.5858370833068395,
      0.5845626742094958,
      0.5835665834023227,
      0.5827431377699398,
      0.5815466620424434,
      0.5802106190833681,
      0.578587350033803,
      0.5777189350551017,
      0.5768809406607733,
      0.5762758653453395
    ],
    "recon_loss": [
      0.5004692308126986,
      0.35511790388359055,
      0.32738101076217824,
      0.30552693505810846,
      0.28969416032465223,
      0.2787805857368088,
      0.2752016778715148,
      0.2724434562566173,
      0.27103185527036816,
      0.27010209494731596,
      0.26917149237119486,
      0.2680547130526657,
      0.26741003392500573,
      0.26699768064942564,
      0.2667730442884837,
      0.26646452245250407,
      0.26604615692430433,
      0.265494005443048,
      0.26497709097754907,
      0.2646062813933029,
      0.26436446052334317
    ],
    "vq_loss": [
      0.46765243231355735,
      0.42368515909612586,
      0.3905306101251917,
      0.36205521132415835,
      0.34001856205570746,
      0.32449841106165644,
      0.32020410006156885,
      0.31814487301636524,
      0.3174992220585538,
      0.31745992847711946,
      0.3180786302336079,
      0.3177823699756664,
      0.3171526402743256,
      0.31656890271833776,
      0.31597009389413494,
      0.31508213962246584,
      0.31416446177687846,
      0.3130933446476762,
      0.31274184401046695,
      0.31227465896863404,
      0.3119114051309972
    ],
    "usage_rate": [
      10.05859375,
      7.71484375,
      9.375,
      11.1328125,
      12.6953125,
      13.96484375,
      14.94140625,
      16.11328125,
      16.6015625,
      16.9921875,
      17.67578125,
      18.45703125,
      18.5546875,
      18.84765625,
      18.9453125,
      19.53125,
      19.921875,
      20.3125,
      20.8984375,
      21.2890625
    ],
    "perplexity": [
      23.160579681396484,
      36.286956787109375,
      44.955169677734375,
      54.241451263427734,
      63.45581817626953,
      69.01043701171875,
      72.44166564941406,
      74.40719604492188,
      75.20578002929688,
      75.79523468017578,
      76.41644287109375,
      77.23084259033203,
      77.8479232788086,
      78.1479263305664,
      78.37437438964844,
      78.7835693359375,
      79.14063262939453,
      79.65460205078125,
      80.16263580322266,
      80.38912963867188
    ]
  }
}