{
  "config": {
    "model_name": "base",
    "codebook_size": 512,
    "lr": 0.0001,
    "epochs": 100
  },
  "stats": {
    "epoch_loss": [
      1.05370473103829,
      0.783175417231993,
      0.7486082244293426,
      0.6913125720713669,
      0.6299702077494149,
      0.5979656029609508,
      0.5820422268336661,
      0.565929134732867
    ],
    "recon_loss": [
      0.5339949155244138,
      0.35594599630383805,
      0.33848954925636315,
      0.31474368705186806,
      0.29013082006333796,
      0.27698388257830076,
      0.26885168451973396,
      0.2617858260930967
    ],
    "vq_loss": [
      0.5197098149121376,
      0.4272294207899177,
      0.410118674691182,
      0.3765688849056564,
      0.33983938762712285,
      0.3209817203521566,
      0.3131905422183859,
      0.3041433085503227
    ],
    "usage_rate": [
      14.84375,
      14.453125,
      18.1640625,
      22.265625,
      25.1953125,
      28.515625,
      31.0546875,
      32.8125
    ],
    "perplexity": [
      19.20796775817871,
      35.79587936401367,
      42.0868034362793,
      51.45815658569336,
      62.64647674560547,
      70.77860260009766,
      77.40733337402344,
      82.57758331298828
    ]
  }
}